"AAACGAGACGGTTGAT-1",35,79
"AAACTGCTGGCTCCAA-1",45,67
"AAATACCTATAAGCAT-1",47,69
"AACCGAGCTTGGTCAT-1",24,70
"AACGATATGTCAACTG-1",24,76
"AACGCGGTCTCCAGCC-1",23,65
"AACGTGCGAAAGTCTC-1",36,74
"AACTCTCAATAGAGCG-1",35,93
"AAGAGCTCTTTATCGG-1",35,77
"AAGAGGCATGGATCGC-1",36,80
"AAGCTCGTGCCAAGTC-1",35,73
"AATAGAATCTGTTTCA-1",48,86
"AATCGCCTCAGCGCCA-1",39,79
"AATCTGCGTTGGGACG-1",32,92
"AATGACGTAGGATGTC-1",44,78
"AATTGAACGCTCTGGT-1",45,83
"ACAAATGGTAGTGTTT-1",44,84
"ACAACAGCATGAGCTA-1",32,72
"ACAAGGAAATCCGCCC-1",49,75
"ACAAGGGCAGGCTCTG-1",44,76
"ACACACCAGGACCAGT-1",44,90
"ACACGGGAACTTAGGG-1",27,71
"ACATCGTATGCAATGG-1",45,81
"ACCACGTGCAGCTATA-1",48,76
"ACCCAACGCCCGTGGC-1",30,86
"ACCCTCCCTTGCTATT-1",48,84
"ACCGACTGAGTCCCAC-1",28,66
"ACCGATGGTAGCATCG-1",36,92
"ACGATACATAGAACTA-1",22,80
"ACGCCGCTAGACGACC-1",43,71
"ACGGCGACGATGGGAA-1",49,77
"ACGTAGATTGCTGATG-1",33,67
"ACGTTAATGTCGAAGA-1",41,69
"ACTCAATAAAGGCACG-1",25,69
"ACTCCCTAGAATAGTA-1",48,70
"ACTCGTCAGTAATCCC-1",36,78
"ACTCTTGTATAGTAAC-1",36,70
"ACTGAATGGCGAAAGT-1",47,83
"ACTGTCTTCTTTAGAA-1",30,64
"ACTTATACTTACCCGG-1",36,90
"ACTTATTTATGTGCCA-1",46,90
"ACTTCGCCATACGCAC-1",27,75
"ACTTGACTCCCTCTTT-1",42,72
"AGAACGTGGTACATTC-1",27,73
"AGAAGAGCGCCGTTCC-1",38,88
"AGAATTATGGATTCGA-1",32,98
"AGATACTCAAGATCGA-1",46,82
"AGATCTCAGGTGTGAT-1",29,75
"AGCAACATATCTTATT-1",41,93
"AGCACCAGTACTCACG-1",27,65
"AGCCACTCCCGTGCTT-1",23,81
"AGCGTGGTATTCTACT-1",45,71
"AGCTCTAGACGTTCCA-1",38,76
"AGGACAGTCGAATCCC-1",43,85
"AGGGCTGCAGTTACAG-1",35,65
"AGGGTGCTCTCGAGGG-1",34,92
"AGGGTTCCCTTTGGTT-1",30,88
"AGGGTTTAGTTCGGGA-1",33,63
"AGGTTGAGGCACGCTT-1",22,74
"AGGTTTCACACACCTT-1",41,67
"AGTACGGGCACCTGGC-1",25,79
"AGTCGACGGTCTCAAG-1",38,90
"AGTGAGACTTCCAGTA-1",35,87
"AGTGATTCAAGCAGGA-1",33,87
"AGTGCTTGCACGAATA-1",41,89
"AGTTAAGCGGTCCCGG-1",16,80
"ATAACGCCGGAGGGTC-1",35,81
"ATAACGGAGTCCAACG-1",25,75
"ATACGCCGGCGAAACC-1",40,78
"ATAGGGATATCCTTGA-1",21,71
"ATAGGTTGGGCAGATG-1",28,64
"ATCAATCTGGGCTGCA-1",33,65
"ATCTGGTTAAGACTGT-1",26,76
"ATGACTATGCGACATT-1",48,88
"ATGCATGATCCAGGAT-1",25,65
"ATGCCATTTGCGACCA-1",43,91
"ATGCCGGTCTTGCATA-1",31,75
"ATGCGACAGTCCCATT-1",35,71
"ATGGAGCAGGCCGTGA-1",36,66
"ATGGATCCGGCGTCCG-1",19,79
"ATGGGCCTCGGCCTCT-1",45,91
"ATGGTCGCGTGGTTTC-1",45,85
"ATGTGGACATCTTGAT-1",47,71
"ATTAATGAACCAGTCG-1",23,79
"ATTAGGCGATGCTTTC-1",37,71
"ATTATACTTTGCTCGT-1",18,78
"ATTTGTCTTGGGAGCT-1",40,84
"CAAGAGGGCGGAGTAC-1",46,74
"CAAGATATTATAACGT-1",45,89
"CAAGGATCGCATGTTC-1",40,68
"CAAGTGTGGTTGCAAA-1",40,94
"CAATAAACCTTGGCCC-1",26,74
"CAATTAAGGGTGATGA-1",29,65
"CAATTTCGTATAAGGG-1",37,63
"CACACGCGCTGTCTTA-1",33,89
"CACATATTAGCAGGAT-1",47,73
"CACATGATTCAGCAAC-1",38,64
"CACGCACAGCGCAGCT-1",24,72
"CACGTTCGTGCTCTAG-1",37,81
"CACTCGAGCTGAACAA-1",48,74
"CAGAGCATGAGCTTGC-1",26,70
"CAGCCTCCTGCAGAGG-1",23,77
"CAGGCGCCATGCTAGG-1",49,73
"CATAACGGACAGTCGT-1",36,94
"CATACGGCGTCTGGGC-1",39,63
"CATGGTAAGTAGCGTT-1",45,73
"CATGGTCTAGATACCG-1",26,66
"CATGTCTCATTTATGG-1",49,85
"CCAAGCGTAACTCGTA-1",33,71
"CCACCCAAGGAAAGTG-1",37,75
"CCAGCCTGGACCAATA-1",37,65
"CCCAAACATGCTGCTC-1",34,88
"CCCAGTTAAGGCGCCG-1",42,82
"CCCGACCATAGTCCGC-1",20,74
"CCGAACCTTCCCGGCC-1",49,71
"CCGCACAAAGACCAAC-1",36,76
"CCGGGCGGTCTCGTCA-1",32,76
"CCGGGCTGCTCCATAC-1",36,86
"CCGTAAGTTGGTCCCA-1",33,77
"CCTAAATTAACGGTTC-1",42,68
"CCTAGGCGTAGCGATC-1",36,88
"CCTATCTATATCGGAA-1",19,77
"CCTATGGGTTACCGTC-1",29,69
"CCTCTAATCTGCCAAG-1",23,73
"CCTGTCACCCGGGCTC-1",29,67
"CCTGTCGCCCGTAAAT-1",36,62
"CGAGAGATGTGAACCT-1",29,73
"CGAGGGACTGCGGTCG-1",38,78
"CGCACATGTCCACTAC-1",39,87
"CGCATGGTGCGATGCT-1",40,66
"CGCCATCCGATTATGA-1",24,80
"CGCCCGCTTCCGTACA-1",18,80
"CGCCGCCCATGCCTGT-1",39,83
"CGCGCCCGACTTAATA-1",21,75
"CGCTTTCTTGCATTCG-1",31,85
"CGGAGCATGGCGATCC-1",39,67
"CGGCAGGGTCGGGTTG-1",32,94
"CGGGAATTTATGTAAA-1",45,65
"CGGGTGTACCCATTTA-1",32,86
"CGGTACTAGAATCAAA-1",43,83
"CGTACCTGATAGGCCT-1",22,68
"CGTCGGATAGTGTTGA-1",34,96
"CGTGCAGACTGGGACA-1",40,74
"CGTGCCCTCCCGAAGA-1",43,77
"CGTTGAGCGACCGTCG-1",44,74
"CTAACGAAACTTGCTG-1",30,94
"CTAAGGGAATGATTGG-1",44,72
"CTACCCTAAGGTCATA-1",31,91
"CTACTATCTTTCAGAG-1",29,93
"CTACTGCCACCTGACC-1",27,63
"CTAGATTTACGACGGC-1",42,74
"CTAGCATAGTATAATG-1",34,66
"CTAGTCACGTCTTAAG-1",37,69
"CTAGTTGGGCCCGGTA-1",26,68
"CTATGTCACTAGCCCA-1",30,66
"CTATTTGGTTACGGAT-1",36,82
"CTCGCACCTATATAGT-1",24,68
"CTCGGTACCACTGCTC-1",41,81
"CTCTCACAATCGATGA-1",32,70
"CTGCCAAGGTTGGAAG-1",21,77
"CTGGCGACATAAGTCC-1",17,81
"CTGGCGCACAGGTCTG-1",37,89
"CTGGGATAAATAATGG-1",38,84
"CTGGGTAGGCAGTTAA-1",43,79
"CTGGTAACACATAGAA-1",42,88
"CTGGTTTCGAGCAAGA-1",46,88
"CTGTGCAGGGTAGGTC-1",42,70
"CTTAGCCTTCCACATG-1",22,78
"CTTGTTGCTGAGTCAA-1",38,80
"CTTTAGGAACACTGTT-1",41,87
"GAAACAGATGACCACC-1",40,92
"GAACGTCTCATGGTCG-1",31,87
"GAAGTCTCCCTAGCGA-1",37,91
"GAATAGACGCGACCCA-1",42,92
"GAATGTGGTCCGGATT-1",43,81
"GAATTATAGTGAAAGG-1",34,68
"GACAACGACCATTGAA-1",25,77
"GACAGCCAGACCTGAC-1",42,86
"GACTGCACCAGCCCAG-1",46,80
"GAGATCTGTCACTCCG-1",30,74
"GAGATCTTCCATGACA-1",45,77
"GAGCTAAGGGCATATC-1",29,83
"GAGTGTGCGGTACCCA-1",44,88
"GATAACTCGCACTGTG-1",39,89
"GATATGAGACACTAAC-1",39,81
"GATCCGGGAATTAACA-1",39,73
"GATCGGTGGCCATAAC-1",28,68
"GATCTTGGAGGGCATA-1",44,70
"GATGCTGTATTTCATC-1",43,75
"GATTCCCTTGTCGCAG-1",25,67
"GATTCGACGGTTCACG-1",41,71
"GCAAACCCTACATTAT-1",48,82
"GCATGAGGGACGCGGC-1",30,90
"GCCTATAGTGTCAGGG-1",29,91
"GCGAAACTTAACTGGA-1",44,82
"GCGAAGCCATACCCGT-1",31,61
"GCGAGTTCTGCAAAGA-1",35,63
"GCGATTGTTAACGTTA-1",37,77
"GCGCCGTTCCACGATA-1",41,65
"GCGCTAATTGAATAGA-1",34,70
"GCGGAGAGGGAGAACG-1",46,78
"GCTAAGTAGTTTCTCT-1",34,80
"GCTACGACTTATTGGG-1",43,69
"GCTAGTAGAGCTTGTA-1",39,65
"GCTGAGGCGTGAGTAT-1",40,64
"GCTGCTCTCCGGACAC-1",31,63
"GCTTAATGTAACTAAC-1",42,84
"GCTTATGAAGCAGGAA-1",35,89
"GCTTGGATCGATTAGG-1",31,97
"GCTTTCAGAGGAGGTG-1",33,95
"GGAATGCGCTAGCGTG-1",32,82
"GGAGGGCTTGGTTGGC-1",32,78
"GGATCCGGAATATACT-1",34,82
"GGATGAAGATCGCTGA-1",42,94
"GGATGTCCTTACCGCA-1",35,91
"GGATTCCGCTATACCC-1",19,81
"GGCAAGGCGAAATAGC-1",45,69
"GGCGAAATCTAACTTG-1",43,87
"GGCGGTAGGATCATTG-1",31,69
"GGCTCGCGTTGAGGTA-1",31,93
"GGCTCTGCTCCAACGC-1",26,72
"GGCTGAAATAGCAAAG-1",49,79
"GGGAGAACTCACAGTA-1",32,64
"GGGAGTTAATGAGGCG-1",33,75
"GGGATTTACCGCACCT-1",42,90
"GGGCCGGCCGAAGTAC-1",36,84
"GGTAGTGCTCGCACCA-1",34,72
"GGTCGGCCAGGAGCTT-1",32,84
"GGTGATAAGGAGCAGT-1",37,79
"GGTTAGCTATATGTCT-1",47,87
"GGTTTACAATCTCAAT-1",25,73
"GGTTTCAATCGGTCAG-1",33,91
"GTAAGTAACAGTCTGG-1",40,82
"GTACACTTACCTGAAG-1",36,64
"GTACGCTTCATTGCAC-1",46,72
"GTACGTTTGCCCGTCA-1",44,68
"GTACTGGAGTTAGACC-1",33,81
"GTAGCGGCTATACACT-1",39,69
"GTAGCTTCCTCTTGTT-1",31,89
"GTAGGTGATCCGTGTA-1",17,79
"GTAGTCGCGGGAATCA-1",49,81
"GTATCTTTCATAACCA-1",46,66
"GTATGTGGGTCTAGTT-1",38,92
"GTCAAGCGGACTCGGG-1",39,77
"GTCCCAACGTAAAGTA-1",33,73
"GTCGCGTAACCCGTTG-1",39,75
"GTCGGATGTAGCGCGC-1",17,77
"GTCGTTATTCGCTTAT-1",46,76
"GTCTCGATCTGCTTTC-1",20,80
"GTGAGGACACTTAAGG-1",41,77
"GTGCCCGTTCGGATTC-1",39,85
"GTGCGTGTATATGAGC-1",41,83
"GTGGTGGCCAAGTGAA-1",45,79
"GTGTGAATAACTTAGG-1",33,83
"GTGTTACTATGCGTCC-1",41,75
"GTTAAAGTAGGACTGG-1",49,83
"GTTACCTACAACTTGC-1",47,67
"GTTGGATTGAGAACAC-1",32,88
"GTTTCTGCAGTCTCCC-1",40,72
"GTTTGGCCCAAGTTAT-1",42,80
"TAACATACAATGTGGG-1",38,70
"TAAGGCAACATAAGAT-1",25,71
"TACCGCGGACTTGCAG-1",33,97
"TACTTGTTAGTAGTCC-1",37,87
"TACTTTACTGAGCCGG-1",30,96
"TAGACGCCCGTACCGG-1",32,90
"TAGCCATTTCAAAGTC-1",43,89
"TAGCCGGCGGTCAGCG-1",33,85
"TAGCGTTGGGTCTTAC-1",38,68
"TAGGTGCTCGCCTAGC-1",40,86
"TATGTCTCATTGTGCC-1",30,82
"TATTACCATCCTGCTT-1",38,96
"TATTCAATTCTAATCC-1",34,74
"TATTCGTGCCAGAATA-1",34,64
"TCAAACTTAGATTGTT-1",31,65
"TCACAGGGAATCGCAA-1",47,79
"TCACCGCTCGGCACTC-1",30,92
"TCAGACGCTATAGAAG-1",48,72
"TCAGGGTGTAACGTAA-1",28,72
"TCCAGAGCACCGGTTC-1",40,70
"TCCCGCGTACTCCTGG-1",27,69
"TCCCGTCAGTCCCGCA-1",23,75
"TCCCGTGTGCAATTTG-1",44,80
"TCCGATGACTGAGCTC-1",22,76
"TCCGCGGCAGCATCTG-1",34,84
"TCCGCTGTCATCCCGG-1",47,81
"TCCGTTTAGCCTTGAA-1",29,89
"TCCTACATCCACGGCC-1",46,84
"TCCTCGGGCTGGGCTT-1",40,76
"TCGCAAAGATGCATTT-1",47,75
"TCGCTCGATATATTCC-1",29,63
"TCGCTGGGCGGATTGT-1",28,74
"TCGGACGCCCAGCCCA-1",33,79
"TCGGAGTACATGAGTA-1",32,74
"TCGGGCCGTCGTGGTA-1",40,88
"TCGTGTACTATGGATG-1",47,77
"TCTACCGTCCACAAGC-1",27,67
"TCTCATGAGATAGGGT-1",49,87
"TCTCCAACGTAGGTTA-1",20,78
"TCTGAATTCCGTACAA-1",34,94
"TCTGCCAGAAACTGCA-1",41,79
"TCTGTGCCATCATAGT-1",32,80
"TCTTCCCATGGGCACA-1",32,96
"TCTTCGAATAGACGTT-1",39,71
"TCTTCGATACCAATAA-1",32,66
"TCTTGATGCGTAGCGA-1",32,68
"TCTTTAAGACTATGAA-1",34,98
"TGAAAGGACCTGACTC-1",35,83
"TGACTATAATCCTTTC-1",46,68
"TGAGAGATTTACCACG-1",41,91
"TGAGTGGTCCGTGACG-1",30,84
"TGCAGGATCGGCAAAG-1",24,74
"TGCAGTTTCCTCCCAT-1",40,90
"TGCATATGTCTGTCAC-1",35,85
"TGCATGTGGTAATCTA-1",29,81
"TGCCACCTGGCGAAAC-1",20,76
"TGCCCGTACCGTTAAA-1",45,75
"TGCGCAAAGCATTTGG-1",31,67
"TGCGGAGTAAAGGTGC-1",22,70
"TGCGTTTGTTGACACT-1",42,76
"TGCTGTTGAAGAACTC-1",38,66
"TGGACTGTTCGCTCAA-1",37,73
"TGGCCAAACTGAAGTA-1",28,76
"TGGGCCCATACTAATT-1",47,89
"TGTAGGAGAAATTTCC-1",34,86
"TGTATGGCGCAGACAG-1",43,93
"TGTGACTACGCCAGTC-1",21,73
"TGTTATTGTATGTGGC-1",44,86
"TTAAACTCGAATTCAT-1",31,95
"TTAATGTAGACCAGGT-1",30,68
"TTACGGATGGTTCGAG-1",33,93
"TTACTAAAGGACTTTA-1",48,78
"TTACTCCGGCCGGGAA-1",34,78
"TTAGACGAGTCACCTC-1",48,80
"TTAGAGTTTAGAAGGA-1",46,86
"TTAGCTGATTTGCCGT-1",38,94
"TTATATACGCTGTCAC-1",38,74
"TTATATTTGGCAATCC-1",26,64
"TTATGATCTTAACGAA-1",38,82
"TTATTAGAGCGTGTTC-1",46,70
"TTCAAAGTCTCTAGCC-1",35,75
"TTCAATACTCTGAATC-1",38,86
"TTCAGCCCTGGTCCAC-1",47,85
"TTCATGGCGCAACAGG-1",19,75
"TTCCGCGTGAGGCGAT-1",46,64
"TTCCGGTTACCCACTT-1",45,87
"TTCTAACCGAAGCTTA-1",34,90
"TTCTGCGGGTTAGCGG-1",40,80
"TTCTTGGAGTAATGAG-1",21,79
"TTGAATATGGACTTTC-1",34,76
"TTGACCATGTTCTCCG-1",24,78
"TTGGCCTAGAATTTCG-1",16,82
"TTGGGACACTGCCCGC-1",28,70
"TTGGGCGGCGGTTGCC-1",30,76
"TTGTTGTGTGTCAAGA-1",31,77
